path,bytes,sha256
original/pt_education_research_project/requirements.txt,187,845b7db30bb42ec6d8663ab8f44bd25f0bc1a6b26eba5a04b33823b86184112f
original/pt_education_research_project/README.md,2985,92927220b5d798037ee3fdf33f3e2b7c5c3f7aac4d8efd178410e357ecf44a6a
original/pt_education_research_project/notebooks/04_STEM_Regional_Analysis.ipynb,59925,234ed050a5ffa41d50e13aa0bcf4dc0970db4614f55a410d14f42ae91d86f861
original/pt_education_research_project/notebooks/02_Negative_Binomial_Production_Function_executed.ipynb,168751,29c8f42b4d19b732fdeafa4ca45c153b7c2e14c7bc5d0c7f5fd85cb676efee87
original/pt_education_research_project/notebooks/01_Descriptive_and_Inequality_Analysis_v2_executed.ipynb,1008525,62603046752396ddc723a37e8aef8792b80de95f4865643ed79af9d8da4d1c79
original/pt_education_research_project/notebooks/02_Negative_Binomial_Production_Function.ipynb,61304,ca82df6a9701c232d06f11a0dd6e96b32a794311dbdb33eac5135f1b0e1eba9d
original/pt_education_research_project/notebooks/03_Predictive_Modeling_GroupCV_executed.ipynb,93912,20f8c79ae640173a9bbcb4847da9e973fa8b322aa5a0270c13fc4d05aa3ec368
original/pt_education_research_project/notebooks/05_Robustness_and_Sensitivity_executed.ipynb,278759,f8ebd976dfe2dbe6ca014956ce388ae6200d04467843f9b003977b331a873ca1
original/pt_education_research_project/notebooks/03_Predictive_Modeling_GroupCV.ipynb,41572,1e17ac3806e234da55f660aa5ff905fb5f8d5b8110484bc1f0aa177a62762418
original/pt_education_research_project/notebooks/00_Data_Audit_and_Research_Design.ipynb,51303,2c9904bb940c7983060da8ecc89bfec1f9b8374bc9b9a34d55411bd1d7dd4fee
original/pt_education_research_project/notebooks/01_Descriptive_and_Inequality_Analysis_executed.ipynb,993546,8d95086b9062e129a44e768f43602ab80e3375ed99a324cd96b997b4e21a5955
original/pt_education_research_project/notebooks/06_Article_Ready_Tables_and_Figures_executed.ipynb,155772,cf968f941dd0dd06f1608f50b724f32a2c3b355229b88ed11969129dd688c967
original/pt_education_research_project/notebooks/01_Descriptive_and_Inequality_Analysis.ipynb,70640,c3d3c884be439f24d09defd282adb87e455dcffeac5073538c3efcfa7d1cc294
original/pt_education_research_project/notebooks/06_Article_Ready_Tables_and_Figures.ipynb,61743,3c161aa4d7b7bb4b8a4f66f4639ec502d81f73f53ebc3115ddb853ffcc13d2e2
original/pt_education_research_project/notebooks/05_Robustness_and_Sensitivity.ipynb,96070,44ff5bf6083f3f591e7740ac5b06b6606cbdb993290f6d50d3f07f66b32ce6ac
original/pt_education_research_project/notebooks/04_STEM_Regional_Analysis_executed.ipynb,178655,e44de88f6c3cf6b9aa0264871236f55988eee3d30faba173cb00d1a646385229
original/pt_education_research_project/outputs/Article_Ready_Tables_and_Figures.zip,1799172,c5dbf16683f49d10d0f15b71bc2796606e33d666514b52d157ba98837f8d6118
original/pt_education_research_project/src/descriptive_metrics.py,9191,b9b51f4bf9d5ea449788aec5dddf3ee617e4c270f4f93084f679048e34ce56a4
original/pt_education_research_project/src/data_validation.py,8021,ad206fe7ba586d81f5ee6cdc3fcfa052ddd2223ecc5436adbdc7a751970fb14f
original/pt_education_research_project/src/__pycache__/descriptive_metrics.cpython-313.pyc,16512,0ab47a19d1805ce0171a520e5d009b8573167647cb844bbc5df9ee3824310a58
original/pt_education_research_project/outputs/tables/04_province_stem_profile.csv,5110,ed7a7f37dd988d29892fd4c84ef25626c0ddd74af29f06c6723c493b52d43bbb
original/pt_education_research_project/outputs/tables/02_sensitivity_selected_irr.csv,11028,8de9419a58f99409ec89691d7b4fb742b793a15d3a7cd3984ba194378809f23d
original/pt_education_research_project/outputs/tables/03_groupcv_model_ranking.csv,1655,36688bdb20d8d0982bd5dbaba3e3ecfa991d31c8462cc09cd0ae55532f83ad1d
original/pt_education_research_project/outputs/tables/02_primary_calibration_deciles.csv,951,46cc90405c14e2fd9cb5c0d37fabca7a5951a5e41cdc20f653f09f94254e7115
original/pt_education_research_project/outputs/tables/04_binomial_performance.csv,195,39d55940219ae844bf55d9d3cbdfb4d1e5a2012110e4e9b332b157387eb5c072
original/pt_education_research_project/outputs/tables/01_data_coverage.csv,516,74224cdf7dc59d0b4ba250976662d2eb587401e2b81a1a680b7397b963a65a27
original/pt_education_research_project/outputs/tables/02_key_findings.md,929,bc24902a590290a69055823b9f732acd8e1a7bd7b2d9fc7e4921a605dde93027
original/pt_education_research_project/outputs/tables/03_summary.json,533,5ba5946b8d29488a49f2b9dbec9be500c3ef5430de3c8c686e381cd2ae2e80b1
original/pt_education_research_project/outputs/tables/02_fit_by_gender_and_level.csv,2307,1ab450dc574f39f9de3438f22c3f4369d1b048044ce3cdb9dbb5c1ff38b68995
original/pt_education_research_project/outputs/tables/02_poisson_overdispersion_diagnostics.csv,189,1b40f807943c0929668ff35fc9f1974bec964b3463170d0ebf33ff26eb920c94
original/pt_education_research_project/outputs/tables/02_residual_outliers_top20_each_direction.csv,5778,5578695d8e7933633187eab2cee9f7bb00e6d0d790b3a1587e6ab683f8aec012
original/pt_education_research_project/outputs/tables/01_summary_by_gender.csv,380,94c326593cb863c9dbde484b41e04b4808ddd8fbe1eb92892141eb522bf84fb3
original/pt_education_research_project/outputs/tables/04_nb_flow_province_residuals.csv,6620,e3534d25046d65abf6cf69860e8fc60b89c2b6a776b48c4e2c431f2794997967
original/pt_education_research_project/outputs/tables/04_district_stem_profile.csv,53924,f84f190e50101295fd6eb0bcf0594e0fb416d2a81501b7f961c0502cbcea416c
original/pt_education_research_project/outputs/tables/05_gender_cluster_bootstrap_summary.csv,1062,966f11c1606fbfb1644c5fff09ca23cdcbbb23ca6c2c528d1dc93a427721f81a
original/pt_education_research_project/outputs/tables/04_national_composition_by_level.csv,1274,ae7323910275f8acb525d059d05b6a32c1671899418c9f7b1c0b24dd56c475b8
original/pt_education_research_project/outputs/tables/05_gender_leave_one_province_out_summary.csv,960,16a9fee69224d3a63733fc2d66a5976cd86d222313d9352992cfae4afd5b32f8
original/pt_education_research_project/outputs/tables/01_inequality_indices.csv,2987,9db58d4cd1e15ce2425dc0acb903887ecf155f1be66f00476aafe3529c71d39e
original/pt_education_research_project/outputs/tables/03_fold_assignments.csv,115881,911506004905d5226b56fe456411f3bb0f5ce027407cd508885a03eccfee0aeb
original/pt_education_research_project/outputs/tables/04_nb_flow_residual_outliers.csv,4541,68f4cf413ffea5277dddb3fe9c6557a973b650377a7418ede74b5e1b28554b2e
original/pt_education_research_project/outputs/tables/02_primary_model_summary.txt,3608,4221debf4fdadc7785ba33480eecef9aa473ce1345b8eb573153b03ddafb32c1
original/pt_education_research_project/outputs/tables/03_pairwise_wilcoxon_vs_best.csv,845,5716235dd74b55d641e375bb5219ea59792636c088d03203fe5dd7570ee66585
original/pt_education_research_project/outputs/tables/04_binomial_model_comparison.csv,531,71aae42ab9c4477fa79eee8a839856da8e47b2f30abbe7e17d6bac8e87a38dd5
original/pt_education_research_project/outputs/tables/04_paired_sample_flow.csv,158,603c37a4f525b6f24b7c26eb6e1a3f04068d4bd49d3b838dd16e7e4e6511fdc9
original/pt_education_research_project/outputs/tables/04_binomial_scaling_parameters.csv,579,b6b7c57f0c2b1c9c496e40177b9913d5bd57dbaca1b45386909ddb98749bd29a
original/pt_education_research_project/outputs/tables/01_summary_by_level.csv,1341,accfb6eb3aec83b06082f6aafb703e60cfcd0f7ed202858b20a8be7e629d732f
original/pt_education_research_project/outputs/tables/03_readiness_checklist.csv,325,0744d2e01009c74fd3c326bf831e9778ca55d11b5fad5219e7549ac31dfb568a
original/pt_education_research_project/outputs/tables/05_stem_flow_specification_grid.csv,2691,4db6fc957d1b276f94be2489dce2642d5a3a911945e47e8616efef0984cc5647
original/pt_education_research_project/outputs/tables/02_output_manifest.csv,2932,d613a2efefecf34be3829efd9610dc077d09c1c2ea3147b7e7263ac3d6a3f9c2
original/pt_education_research_project/outputs/tables/04_paired_modeling_dataset.csv,285782,c044c13fd10c3f3f6e969660b98a289daa5cbb87a9ef33931dd02cd932e69239
original/pt_education_research_project/outputs/tables/05_output_manifest.csv,3681,092b0a681946e7377b308b1122857e4ed6160cd46070d4fff6335201f98e626e
original/pt_education_research_project/outputs/tables/05_stem_binomial_term_stability.csv,1210,83e482c6805f09be3cb216f5e237cd7b8c52a778d5d62fa6cc10560e1342fa29
original/pt_education_research_project/outputs/tables/02_scaling_parameters.csv,537,bcb3c6a89bb5dbbd977e534fdcf4abdb5e2e0dacf054568d5fd0dc8b015a6b80
original/pt_education_research_project/outputs/tables/04_nb_flow_primary_irr.csv,4984,bad537e2aa72ed4f6a2f33c8e971274810f8bd3a835c34b15d946ae28a7351c0
original/pt_education_research_project/outputs/tables/04_data_coverage.csv,155,a656aa1e00a815192ffce7f757423899327781858386cb4af21459da17c4a625
original/pt_education_research_project/outputs/tables/02_model_comparison.csv,1211,c8f8a32525918db8b741c896dfdfc013026547e241459091ec0f6e7d7e8f2dae
original/pt_education_research_project/outputs/tables/02_residual_summary.csv,310,c8f5b7787fd01b799f81b538251548abfc279776073ebd617839c4d70c6d2061
original/pt_education_research_project/outputs/tables/05_integrated_evidence_matrix.csv,653,9813173a882f5a63ab80e47cef41018a80e86b07eb1679449067a944d577c79e
original/pt_education_research_project/outputs/tables/01_summary_by_gender_and_level.csv,2535,7eefa7c443f599010e112a98da5dc0998e58fd8267af630be25b6562cb82fa4e
original/pt_education_research_project/outputs/tables/05_stem_flow_term_stability.csv,1846,f670af953b03254831c8137549c9bf308e9b32f23afd0937c023d1b6ea7119b9
original/pt_education_research_project/outputs/tables/04_nb_flow_likelihood_ratio_tests.csv,331,4d19c64c1ba13553dbf95342ad032a9a4e762d465a7cce8a78c22c6c19f5f4c4
original/pt_education_research_project/outputs/tables/05_stem_binomial_coefficients.csv,21566,74409e63c6d1a7249e7bbd690d28f13528b88c387f65d64aa46137d6832fb50e
original/pt_education_research_project/outputs/tables/01_spearman_correlations.csv,2089,0d4ded36b3fb72532e0c65f27ef489436ba5a30741e43a8a33eafdb5a9b2be71
original/pt_education_research_project/outputs/tables/03_generalization_gap.csv,2408,ac60d530533d64b52ff60a7247b6a97f7bc233e8489bddbe98ab272b0b54fcac
original/pt_education_research_project/outputs/tables/05_gender_cluster_bootstrap_failures.csv,1,01ba4719c80b6fe911b091a7c05124b64eeece964e09c058ef8f9805daca546b
original/pt_education_research_project/outputs/tables/04_flow_modeling_dataset.csv,779817,6fbb5768c83579f91332a8eb2bfa71bb1b9469acbddd839e8f1d609379d035bf
original/pt_education_research_project/outputs/tables/05_gender_influential_provinces.csv,2195,d2b2ca161bd1286915d9d26106ce9c43589fb2677a8e6e3b7486d6cf506e96eb
original/pt_education_research_project/outputs/tables/04_summary.json,794,bdefaf85e524b88fc8b0cc54e038bd93c8801a21f62a7a40c7a516c411a7b455
original/pt_education_research_project/outputs/tables/05_readiness_checklist.csv,512,87e57ba65bb7e9b3fa6a4e539e4ffc7da9b1b3ec5164d292f6cd00c2aaa53459
original/pt_education_research_project/outputs/tables/03_fit_times.csv,3830,211e2968b6a5ff732e8ca214d78339db84df444f7e9a1599cc1416a84b942afa
original/pt_education_research_project/outputs/tables/03_oof_predictions.csv,4525633,44acefe5e04c7583df9d678b49691207813377cd3051c538d0cdb4213100e7b3
original/pt_education_research_project/outputs/tables/03_key_findings.md,663,3523f4bebc7aad94058a8314ad70cf172dcc151f7e87fa4967ec813d1c2ff407
original/pt_education_research_project/outputs/tables/01_descriptive_summary.md,552,3a34b14761c15a68b3c7f3a176f54f659706671313645a89a5ffa389d4549f2d
original/pt_education_research_project/outputs/tables/03_province_predictions.csv,60345,48089ffb5e1b04da7cdd006e8ffd1c698733beb0b45a71c4561cf4e9285251f6
original/pt_education_research_project/outputs/tables/05_gender_cluster_bootstrap_estimates.csv,76282,eb8df5192174ace9eac2df1205817aab985721aa8543ff3e0aefa80d5b02113f
original/pt_education_research_project/outputs/tables/02_numeric_predictor_vif.csv,210,7851199eb2b77fdb2c1a624c8629471e242ceaf0343d276ad725225143bd6e48
original/pt_education_research_project/outputs/tables/05_stem_flow_leave_one_province_out.csv,5686,a2d5a52d20f24364cb860663a91e339ba271bd096b4b4e611b9f64212b60a7b7
original/pt_education_research_project/outputs/tables/05_predictive_rank_stability.csv,672,9d1c566d7c86e8feb22ba320c9676511fb879b28d84959472b2f8eb829900b41
original/pt_education_research_project/outputs/tables/05_key_findings.md,1285,fa95fa5d176b8318a3238bd3a9698b426766e77cf9531e25e4a8578eb9da9d42
original/pt_education_research_project/outputs/tables/04_key_findings.md,1020,ad514d33778e52991a8c8db7c965a0610901532eed7acc15d6c55d419bd8fc5e
original/pt_education_research_project/outputs/tables/05_gender_specification_coefficients.csv,34075,d9dfa15d81851d9be444a1610c5ce34e05c824fc61da0ded56276ea9eddbf31b
original/pt_education_research_project/outputs/tables/04_nb_interaction_combined_effects.csv,677,e657e96593e4cab3a04226f576553335d2320b2d50d744257fbc9ad3c8107416
original/pt_education_research_project/outputs/tables/04_readiness_checklist.csv,375,8cfb1ca806945e19a91e4df58a8a638462e61a40094fde8660da7216bab5ac61
original/pt_education_research_project/outputs/tables/02_primary_model_irr.csv,5485,aa23ba7062b1e9c6e0c98a56bd481c0c71ea502e09fd86007ec2184ca952280f
original/pt_education_research_project/outputs/tables/03_fold_metrics.csv,15014,0c017686bdb306b614f143f8e42b655a1a9695eca79752884853fa5a028cee48
original/pt_education_research_project/outputs/tables/01_descriptive_summary.json,524,37bd7688cdea30d84f6c3a6f5faea75a6fb8003ab59a1c1b96114f461306b7cf
original/pt_education_research_project/outputs/tables/01_descriptive_statistics_strata.csv,4259,f4c8bd21095c02d12d6c2eba90f1ba412eaa7c1cb2207ecde9421b806ad77ed5
original/pt_education_research_project/outputs/tables/04_output_manifest.csv,4719,fb29cf19e72f787e2771153ddc58546b66e67f3501c58b3b09b80493801bf307
original/pt_education_research_project/outputs/tables/02_sensitivity_model_summary.csv,1013,ed4ff825877a9e01006e0d831953be1ec4f0ed9c0876f426964a5bea4e071d60
original/pt_education_research_project/outputs/tables/05_summary.json,855,c967b52045e8aeebc0319622c4d0eedf0c53d45a5ed031ae04e57c016f62086a
original/pt_education_research_project/outputs/tables/03_output_manifest.csv,2500,c9f68047e7a470dfaaa3283df561ff5ac115b847ea2955b66a13b034aab7f056
original/pt_education_research_project/outputs/tables/01_province_stem_summary.csv,3014,744258f750091879a125a0b68afc6b8edc1d9ee4a19eea6892bf058223d11f91
original/pt_education_research_project/outputs/tables/05_predictive_generalization_gap_thresholds.csv,4215,eb04e72b3ba9c2f0d15b18c9c705bb7e7d175a12a730b30ffe372a7b074e7a5f
original/pt_education_research_project/outputs/tables/01_readiness_checklist.csv,709,b26dea9faae891a5635a8af29f9235bd9c81a281ba0f9de24c87e2710bf5d0c9
original/pt_education_research_project/outputs/tables/03_model_metrics.csv,5847,0d97698eb002cc86450474994c2115a40dbbf8354732a3a1305cac7b359f1c5d
original/pt_education_research_project/outputs/tables/02_likelihood_ratio_tests.csv,512,3e9e604465781905bc9668121d26dc8782048dd86285a1469ad773a50236f357
original/pt_education_research_project/outputs/tables/04_nb_flow_sensitivity_summary.csv,604,2618da30a4f5d788772d9fb67372a01fd41c3b035425aa9a2c5236c2eb90f33b
original/pt_education_research_project/outputs/tables/04_nb_flow_model_comparison.csv,662,422633afc6ff8b34c05d32c07c713483cce7dc655363cb94fb656d1be05b37ba
original/pt_education_research_project/outputs/tables/02_readiness_checklist.csv,430,b5477a27b6249c2986ad746508268306254de20ca7a883625c4a9c25de57b76b
original/pt_education_research_project/outputs/tables/04_binomial_residual_outliers.csv,4511,fa389a1ebe1cc8317396af6126a4d5821cb5a0ce9d7eea3fca2d7e16ec8aee59
original/pt_education_research_project/outputs/tables/05_gender_specification_grid.csv,3202,d0f567cbd33672e3ea37ce07a2559ef96901bd32cd0d0940527cbb964f1fc24d
original/pt_education_research_project/outputs/tables/03_split_leakage_audit.csv,657,651b67d14b9218dd52c2f29d929fc29e443152983ee686a282cb8c50374b3a4a
original/pt_education_research_project/outputs/tables/01_theil_decomposition.csv,489,13e96178f86b912d5944c40183ff1a9b62a02cc66731d8f9d4564cc432e50420
original/pt_education_research_project/outputs/tables/03_groupcv_province_bootstrap_ci.csv,2534,177d2280c113ea04b8c6f8d3c2421429b8d5ad020233484b5732c4268b73895f
original/pt_education_research_project/outputs/tables/04_flow_scaling_parameters.csv,529,36f4f87b91cdfcdca8b1d94d51e1a2b2e395803e1a877dcf99ee2873e41741fc
original/pt_education_research_project/outputs/tables/04_binomial_primary_odds_ratios.csv,3206,66624703b2b807d87b618a1a10fc1bb25abc4ce458aa8053c8e105161c9d2e55
original/pt_education_research_project/outputs/tables/03_data_summary.csv,127,868813159460e1d79d4cc9a5defc87cfb703668626362cf7d2db8756bf65445c
original/pt_education_research_project/outputs/tables/01_province_summary.csv,8614,7b521259b88cab97977d2657cf1e2d669a976e158d9717479bd4e704f0926e94
original/pt_education_research_project/outputs/tables/05_gender_term_stability.csv,1157,844adc364ce42f4be0a03ac882c38c30fbffc113b42ec4565245477a0250095c
original/pt_education_research_project/outputs/tables/04_nb_flow_in_sample_performance.csv,275,aa320de62d02fc7357b1e05ac288dd81ac82f3bfa393a98b48a9c272c18e2d26
original/pt_education_research_project/outputs/tables/02_modeling_dataset.csv,1086494,716b55c4134ac0d517a6cc84c408b70659dd203a357ccebc56fccc2e020acd63
original/pt_education_research_project/outputs/tables/05_gender_leave_one_province_out.csv,54551,ebe70844ffb7ee2854d573cbf4042e6a620973c07f059e5822a437ab39925060
original/pt_education_research_project/outputs/tables/01_kabupaten_summary.csv,73990,099d986ac2371bc027daca6c1597caa8fc2f00a8703eb859f73936f9abab2755
original/pt_education_research_project/outputs/tables/02_primary_in_sample_performance.csv,326,459acd75bd379c354038f4f289b94ba77e1daeba291795de6d111f01a95a846b
original/pt_education_research_project/outputs/tables/02_sample_flow.csv,234,7d3ecd712eeed7d9df6db31c1ae27b7d19b86b4c34bb73910a2feef4724ceeb8
original/pt_education_research_project/outputs/tables/04_binomial_sensitivity_selected_or.csv,4599,b699b2b5bb9afc1f8142fa4346261f1516474390ba1df322e61ebd7cd97386a6
original/pt_education_research_project/outputs/tables/04_nb_flow_model_summary.txt,4118,ca9c8da2cbe42a5e52905390fee44c01c3579b6ac05ae04ed9a18188f226481a
original/pt_education_research_project/outputs/tables/04_national_category_summary.csv,210,3dab87b9fbac9d346aca42179df47b748d06e868ac5317353286c90f93579598
original/pt_education_research_project/outputs/tables/04_flow_poisson_diagnostics.csv,120,d8d4b5f5daa6fb92f600deae88e118d37c8e0e44e51ea9b2a43ab26109dd81a0
original/pt_education_research_project/outputs/tables/04_nb_flow_sensitivity_selected_irr.csv,3838,b6a87aff497b34e3a97d5d742aa329f0e247a02c37049f09e5503d2aa82a43b6
original/pt_education_research_project/outputs/tables/01_output_manifest.csv,1459,0571d2883bcd5a083976470e5fd955ac07e25c1e28191ea0be7c981dba6b3eea
original/pt_education_research_project/outputs/tables/01_province_gender_gap.csv,4514,8d61a97ccc13cab5df13f5d6fc65638f4bdb7580d1aa5b94b124c61803ee64a5
original/pt_education_research_project/outputs/tables/05_stem_binomial_leave_one_province_out.csv,4770,d03f2c44e9c04561dfbe81b85ae97bd56166894e0ae6110edf5fa401923ea0e9
original/pt_education_research_project/outputs/tables/03_best_model_worst_provinces.csv,1989,350cace483a198e39eca2f00fe3a36718bc5c2dab4fdc360789acc4b0e57227a
original/pt_education_research_project/outputs/tables/05_stem_binomial_specification_grid.csv,1634,ffaaf60cfa7fc9791a9913056198513c422930961fc1598a14dd202b397163b0
original/pt_education_research_project/outputs/tables/04_binomial_calibration_deciles.csv,603,7f7f388187cdcfce111f60fe28a73734328acea172b77d46b4fc3f81e2243c07
original/pt_education_research_project/outputs/tables/05_stem_flow_coefficients.csv,43156,ebdecccfbb00e5af58ac6f8ab792ce1526a62b3f3ad1d360862c761ee7d842e3
original/pt_education_research_project/outputs/tables/04_inequality_indices.csv,400,eaf78a606b7c89170323d60cdc9a9b00255af95685bd77c117d685f86ff03967
original/pt_education_research_project/outputs/tables/01_model_distribution_diagnostics.csv,454,7e628a696b79031f3264a569ec3303439bfa13674b42c53ea619bed0be7fabe4
original/pt_education_research_project/outputs/tables/05_stem_flow_combined_effects.csv,6956,5bedf08096a2a0b2721266215bd296aae3bae39957d9927b1e4457cee53d072f
original/pt_education_research_project/outputs/tables/02_province_residuals.csv,3299,61f2d446678bd44f2788d6a222db6f7e413c5b1ef7d20fd26175749a95cfbb5e
original/pt_education_research_project/outputs/tables/05_prerequisite_audit.csv,507,9125df3e98797462cea17cc72b7ecd9a25ba98ad8588bfaeacf0083cf1a168d5
original/pt_education_research_project/outputs/tables/04_flow_sample_flow.csv,123,afe9678b81de10b8c0fead82d003da3548a87b83e4bfcdb04d48bb4b2586fa7d
original/pt_education_research_project/outputs/tables/04_binomial_likelihood_ratio_tests.csv,272,a80aef11d0e74e1b195533938856c691603ca35876e9043820ac4fd0b6ce57e5
original/pt_education_research_project/outputs/tables/01_district_outliers.csv,113734,442d10d1fa4fdf091a35c8eb813fe72f1c1d5130517155c1bcd93761d561da9b
original/pt_education_research_project/outputs/tables/03_best_groupcv_calibration_deciles.csv,939,ca33c0b3c18cacac8f5d3a5db416fbc0ba9ff642c353144bc21b4ea7d84a09bd
original/pt_education_research_project/outputs/tables/05_predictive_scenario_metrics.csv,6503,9e4c7145b7c372b382acc202204b391edc9115bd6ac830b35b0b9e3db0622ff5
original/pt_education_research_project/outputs/tables/04_binomial_model_summary.txt,2959,de5fa7f4604e5fe093f059643aaf9e838cb4fd138ba583587b1f53cf466affe9
original/pt_education_research_project/outputs/tables/02_summary.json,870,247271326730f509d7bdd0d829ac8db0fc8b3671610f373b045099d90d818ed6
original/pt_education_research_project/outputs/figures/03_02_generalization_gap.png,122741,21278f6fb28b5c21ef1c495a047fb6bd5adf6404f0bf08359f600659518bf1a5
original/pt_education_research_project/outputs/figures/03_08_best_stratum_observed_vs_predicted.png,465858,d8c6110cf30837c7eb6bce3b105470fe4b3ae9cb07dccd46d9d2abb5c934cc15
original/pt_education_research_project/outputs/figures/06_province_graduate_output_intensity.png,360213,33d6b78527063bb70ca0b28b18aa431b209bd22c208ba1748de4b1695696c387
original/pt_education_research_project/outputs/figures/02_01_aic_model_comparison.png,147929,b66e29627950eadc76ba7a516cae6c6ae9cca05d6d2e79ed29a2612fdd6907b0
original/pt_education_research_project/outputs/figures/02_09_sensitivity_irr.png,246149,5a4c50826c816dca1bc9b9f5ab5b106674531f3995a57c78a141724423f25e8f
original/pt_education_research_project/outputs/figures/04_06_entry_vs_graduate_stem_share.png,642199,3b516edf27ac2062d034c6d517d610e8f8dc997551e73a038e11dc131896a857
original/pt_education_research_project/outputs/figures/04_female_share_by_level.png,103268,d57c3764581550ae2ba9779e4fe0601b27f3fe5b925c5001e4c2e6f539c9dcce
original/pt_education_research_project/outputs/figures/10_stem_share_by_province.png,354960,4e86f45a28b9b84445163f4a24980f947baeb232f63173dc4240407c17e472a2
original/pt_education_research_project/outputs/figures/02_distribution_graduates_log1p.png,71541,30307193efff7ed4bd11fc4afb5641059fab77d9974f834b0feae2f1d961de84
original/pt_education_research_project/outputs/figures/05_07_stem_entry_composition_or.png,204721,0c4b7e119b03dfce6b72f158332715e12ff472926f653677298eb0c96a7bc161
original/pt_education_research_project/outputs/figures/03_graduates_by_level.png,86469,19a57239423aab8f9ce9f7b20ed82d4795ad4e574de88c61382091a3fa8d02c5
original/pt_education_research_project/outputs/figures/02_06_calibration_deciles.png,133589,ff9d65bf61f1025df2e73d8e5114c5c1080fd705630c0ec981e0df96b0630bca
original/pt_education_research_project/outputs/figures/02_02_primary_model_irr.png,232968,3c73875e9ad85e1ddc1c2a36f9ff2806f2d835a45e6780ad2d1bdcae00d76cb4
original/pt_education_research_project/outputs/figures/01_distribution_graduates_raw.png,71093,9f4b94ddd02f6bc577489ff5f4322cfaec0e9d3e6d133d534e6e9381e440de00
original/pt_education_research_project/outputs/figures/05_top15_provinces_graduates.png,187725,6dafc8269643d3f7d5971f57ee7d028df0d13668f027b157282cc3dfc9ca75ea
original/pt_education_research_project/outputs/figures/04_01_stem_share_by_level.png,109485,5ba05dc9e062cf8ecd83941f37e79e893ca095ad67c41283a4a97db202bb7c27
original/pt_education_research_project/outputs/figures/05_08_stem_flow_irr_sensitivity.png,205575,50c7c137c3269bb24c1cb5397c9c8d7526deb91ed20980f20f754590fe2c2b74
original/pt_education_research_project/outputs/figures/04_10_nb_flow_irr.png,353812,b402c92ecadaaa6e17ef21d1442e99420b6ead6afa2cb7dc41026a8fa7ddb715
original/pt_education_research_project/outputs/figures/03_07_groupcv_fold_rmsle.png,225133,23a77df9acc942066cd4992398eaab6dcf30a0d98641853ea9d807004e698661
original/pt_education_research_project/outputs/figures/04_07_binomial_odds_ratios.png,218749,2bc660562ccf635655ba759d20f2a6233f2f775ca07099046d97e4d757bd796d
original/pt_education_research_project/outputs/figures/02_04_pearson_residual_vs_fitted.png,297303,4a1cedc37da037769d5b2751ae9dfa6ec09d64e29b4018c61aa4e75267195d5a
original/pt_education_research_project/outputs/figures/03_01_random_vs_group_rmsle.png,239479,b11de218ae48f4f3355085e0c8978567b12023c4682435201adb2fb352b1f507
original/pt_education_research_project/outputs/figures/03_05_best_province_residuals.png,353875,73295f89f4b2c2ec35b46407b4130b0089db29c4d8afe2fcf65e8f0fdb30464b
original/pt_education_research_project/outputs/figures/08_lorenz_district_graduates.png,167464,23b3f03e0fcae1c2182528a16f82b2007d918b8e6aa9be613517fa0a7bcea9e4
original/pt_education_research_project/outputs/figures/02_07_fit_by_gender_and_level.png,147553,6bc1d671cd93d28e43a9107367dd64c5939d7204fd181869c547f57b06be5312
original/pt_education_research_project/outputs/figures/04_13_nb_province_category_residuals.png,846415,c8cbfc893d8c9e4b1000c342214d9fbcf6740958c8cba9677a929c8d42bb8521
original/pt_education_research_project/outputs/figures/04_11_nb_interaction_effects.png,113220,ce9adbf56df8fddabd67de4670b3ea65c5d59d50c01341cf58694ad86b260f37
original/pt_education_research_project/outputs/figures/03_04_best_observed_vs_predicted_province.png,129081,b8539c32725384dec01b22a554912deea3ae853fd41734e14b5a26a5397d12ec
original/pt_education_research_project/outputs/figures/04_05_lorenz_province_stem_nonstem.png,166252,2a2ac926b0dd728aaff667dd86fff9180b1a9eac3b32b2a23db9300d76d9a6c6
original/pt_education_research_project/outputs/figures/05_09_stem_flow_combined_capacity_profiles.png,96070,13779583a3e099818544b8c2d59546e12ee72a10167c0142ccc9bff87a5bfab3
original/pt_education_research_project/outputs/figures/02_08_province_aggregate_residuals.png,351685,435e4e260a129e765b43df403a626aaa1db146c3a25e7c6ac1b85dbc482951af
original/pt_education_research_project/outputs/figures/04_02_province_stem_share.png,359180,4eab2583ac7848c914e643de926530775a0bd25e5a036277593cb6264bac59dc
original/pt_education_research_project/outputs/figures/04_03_province_stem_location_quotient.png,355796,1acd9a3b1c5644f0d69591086450d24f4de45f5a24c6fba9a670533045bfde31
original/pt_education_research_project/outputs/figures/02_03_observed_vs_predicted_log.png,473682,b6f9cdd958fd0564a7c578c3e52ad428a67f47d2bc63a62cafa44349799cf123
original/pt_education_research_project/outputs/figures/02_05_pearson_residual_distribution.png,65296,60e743a1b5136189780abd4c25e1cc7b500bb40a696a57ea38c04cf248dede5e
original/pt_education_research_project/outputs/figures/.gitkeep,0,e3b0c44298fc1c149afbf4c8996fb92427ae41e4649b934ca495991b7852b855
original/pt_education_research_project/outputs/figures/03_06_best_calibration_deciles.png,130091,bcffdfc8d6d6da590e0432b9305767865387ead5ac13a8e5ca2dc63ff51ed0b3
original/pt_education_research_project/outputs/figures/04_04_province_stem_composition_gap.png,369256,c72dd5f3b285cfa22e88a80a82944db3da0ff61f68844bdf91d37ec54bb1caf3
original/pt_education_research_project/outputs/figures/05_05_predictive_rank_stability.png,137640,f6b7ee4aa303454fabec57261234565a0c325b9e1f397268f1725ac27c1e297f
original/pt_education_research_project/outputs/figures/11_log_enrolled_vs_graduates.png,327234,dc75381a6d1b9719220c8a1a6f37f5a65fdbc60279a9df49126e94d9f928e90c
original/pt_education_research_project/outputs/figures/05_01_gender_female_irr_across_specifications.png,241462,567594163565ce031b2df746adb6df6fc4288ee0d8e96b291d8b40855fc81d6d
original/pt_education_research_project/outputs/figures/07_lorenz_province_graduates.png,165202,c4ae5cc1aaa164ff703cdccbb68099b2ae967c33a1ef9e3b01a58ee85ceae193
original/pt_education_research_project/outputs/figures/05_06_predictive_generalization_gap_thresholds.png,216309,c84d4d841da158da3592cf7e3d3405df6d7ff399a7a3bfec3c5ab31d3dbfb822
original/pt_education_research_project/outputs/figures/09_female_share_by_province.png,368884,37cad69d6209353ec0bd5b28d205eeeb31a013c594727a94d81c7c646db6cd28
original/pt_education_research_project/outputs/figures/04_08_binomial_calibration.png,152591,02aef86a1eab6bb2acba7c8a5a792c68f1b3e74f222403c0c294c46a68dff9b7
original/pt_education_research_project/outputs/figures/03_09_model_fit_time.png,119664,ae088b2543708327ab41caba4438112ea8b3d1b03c6ce1fe92f1855b0bd095ea
original/pt_education_research_project/outputs/figures/03_03_groupcv_model_ranking.png,122652,6c6adba69a27eedd9a82ec165e891a4d99907461c2259ceffe8738edac88cced
original/pt_education_research_project/outputs/figures/04_12_nb_observed_vs_predicted.png,542314,40374a0444d6986546091c6c0fad889f66dc9d8f95a9f57b2f3a114003fe528d
original/pt_education_research_project/outputs/figures/04_09_nb_flow_aic_comparison.png,89527,7f3b03ac87af032fd0413e0ff3153ca22468588da30b92f620718308f0852917
original/pt_education_research_project/outputs/figures/05_03_gender_influential_provinces.png,352394,b92e7f9a678c3714d5aa2bf138ed9c76aa80b3e7971ad07884887cc9741a7bfd
original/pt_education_research_project/outputs/figures/05_02_gender_active_share_irr_across_specifications.png,240010,b7700a76d3639e78bd0dcf1662478aa522d72e82e991ff7bd497c1f0ad587285
original/pt_education_research_project/outputs/figures/12_spearman_output_intensity.png,178387,cd98acc52a1e21b8efb8b87fcafef1f44e9054ed30f24d0c2637c38eb9e9939a
original/pt_education_research_project/outputs/figures/05_04_gender_cluster_bootstrap_irr.png,200584,fcb4bfdaaeb3c43de44107b8c1f4f807bd06a1f47ceb8ade1fccfb2a41c3f300
original/pt_education_research_project/outputs/models/02_nb2_primary_m4.pkl,1938458,92a1b359720b0f53afaf8414940517205cfb95e446905a63ca4c82b761173677
original/pt_education_research_project/outputs/models/04_nb2_stem_flow_interactions.pkl,1351235,cfc3a43f08a62babe648753d83a469248d9b06fe6dd8d833ea6fa99755911718
original/pt_education_research_project/outputs/models/02_nb2_interaction_m5.pkl,2362105,b2bc26560b4639b5b56d796068bf5aa457346b9b9fd75473445ae8833c594b16
original/pt_education_research_project/outputs/models/04_nb2_stem_flow_province_fe.pkl,2293315,fbc2234f37e2d363c25053f427540f4d2ac6f1b6c4aebbf3ed59193ac168bff0
original/pt_education_research_project/outputs/models/04_grouped_binomial_stem_composition.pkl,206365,d10c087e1eb872f652eeb0c97e58e3a5fc2a9edcdf31aa6ab5dfae4fb427e971
original/pt_education_research_project/outputs/models/.gitkeep,0,e3b0c44298fc1c149afbf4c8996fb92427ae41e4649b934ca495991b7852b855
original/pt_education_research_project/outputs/models/02_nb2_province_fixed_effects.pkl,3353040,e89e45c39997311fce859e928cee33e7099334ebd73e5ddfb9e5306262411f13
original/pt_education_research_project/outputs/models/03_best_model_tweedierate.joblib,5275,55a7fefdd19a3051654fe14a83e4e03736e2aec44f4a8807638f514d49c34e80
original/pt_education_research_project/outputs/models/03_model_registry.json,791,7fa247e193416c9f01476c1c2d144176b1c1b91a2061f5dfa018802d79107877
original/pt_education_research_project/outputs/article_ready/06_Article_Ready_Index.md,941,d392a5fede12ff5463aa8c17c4b742d6c573e2329711bea43eb2e6d30eb1a282
original/pt_education_research_project/outputs/article_ready/supplementary/Figure_S2_NB_In_Sample_Calibration.png,133589,ff9d65bf61f1025df2e73d8e5114c5c1080fd705630c0ec981e0df96b0630bca
original/pt_education_research_project/outputs/article_ready/supplementary/Figure_S3_Random_vs_Group_Generalization_Gap.png,122741,21278f6fb28b5c21ef1c495a047fb6bd5adf6404f0bf08359f600659518bf1a5
original/pt_education_research_project/outputs/article_ready/supplementary/Table_S5_Gender_Specification_Coefficients.csv,34075,d9dfa15d81851d9be444a1610c5ce34e05c824fc61da0ded56276ea9eddbf31b
original/pt_education_research_project/outputs/article_ready/supplementary/Table_S6_STEM_Composition_Specifications.csv,21566,74409e63c6d1a7249e7bbd690d28f13528b88c387f65d64aa46137d6832fb50e
original/pt_education_research_project/outputs/article_ready/supplementary/Figure_S4_Best_Model_Province_Residuals.png,353875,73295f89f4b2c2ec35b46407b4130b0089db29c4d8afe2fcf65e8f0fdb30464b
original/pt_education_research_project/outputs/article_ready/supplementary/Table_S2_Full_Primary_NB_IRR.csv,5485,aa23ba7062b1e9c6e0c98a56bd481c0c71ea502e09fd86007ec2184ca952280f
original/pt_education_research_project/outputs/article_ready/supplementary/Table_S3_Full_Predictive_Metrics.csv,5847,0d97698eb002cc86450474994c2115a40dbbf8354732a3a1305cac7b359f1c5d
original/pt_education_research_project/outputs/article_ready/supplementary/Figure_S6_Gender_Cluster_Bootstrap.png,200584,fcb4bfdaaeb3c43de44107b8c1f4f807bd06a1f47ceb8ade1fccfb2a41c3f300
original/pt_education_research_project/outputs/article_ready/supplementary/Figure_S5_STEM_Share_by_Education_Level.png,109485,5ba05dc9e062cf8ecd83941f37e79e893ca095ad67c41283a4a97db202bb7c27
original/pt_education_research_project/outputs/article_ready/supplementary/Table_S4_STEM_Composition_by_Level.csv,1274,ae7323910275f8acb525d059d05b6a32c1671899418c9f7b1c0b24dd56c475b8
original/pt_education_research_project/outputs/article_ready/supplementary/Table_S1_Full_Descriptive_Statistics.csv,4259,f4c8bd21095c02d12d6c2eba90f1ba412eaa7c1cb2207ecde9421b806ad77ed5
original/pt_education_research_project/outputs/article_ready/supplementary/Figure_S1_Graduate_Count_Distribution_Log.png,71541,30307193efff7ed4bd11fc4afb5641059fab77d9974f834b0feae2f1d961de84
original/pt_education_research_project/outputs/article_ready/supplementary/Table_S7_STEM_Flow_Specifications.csv,43156,ebdecccfbb00e5af58ac6f8ab792ce1526a62b3f3ad1d360862c761ee7d842e3
original/pt_education_research_project/outputs/article_ready/tables/Table_1A_Data_Sources.csv,1841,d841d1c46c41eae7e682c2c24cbb2f304887d1fc88595088c0558d695e30f515
original/pt_education_research_project/outputs/article_ready/tables/06_readiness_checklist.csv,392,763fcdfaa7d09d584136c4c6dfdedd71ec70d91d58354ee3765054023f70ccf9
original/pt_education_research_project/outputs/article_ready/tables/Table_1B_Analytical_Samples.csv,606,46628c7de39c97e40ed8c8c991a8e7cc9712502a0895749448e0a91c56927fb0
original/pt_education_research_project/outputs/article_ready/tables/Table_7_Robustness_Evidence.csv,922,520367a2f7f3fbdc868ba6c34caa564fe40d695a4878f9d1d2c0efb709d037ee
original/pt_education_research_project/outputs/article_ready/tables/06_Results_Ledger.csv,2354,9d303de914730fdb4344d42c9de5ce443bedc4cd8d083c94d9c17e7d20bda2ba
original/pt_education_research_project/outputs/article_ready/tables/Table_2_Descriptive_Statistics.md,3923,9688dff5848844cbb5bf8c887b27f985530b8673e5fa65a5864fac0e05603dff
original/pt_education_research_project/outputs/article_ready/tables/06_Figure_Captions.csv,2070,581655cc41ba7964bcd8757f6cc2b051bae4e1b0dff68039c8af1643bb4ebaac
original/pt_education_research_project/outputs/article_ready/tables/Table_4B_Main_Model_IRR.md,1901,e398558747c3f5efe7710ef74209fbf8e9084f6d21b3160a9ea081685277e664
original/pt_education_research_project/outputs/article_ready/tables/Table_6A_National_STEM_Composition.csv,262,5e38d18a92eaaa81639f69bf5fe057e8788aa897363a7d1544da8fa1141771e2
original/pt_education_research_project/outputs/article_ready/tables/06_Results_Ledger.md,2185,5efb0b00618119e4d77a52cec30a09eee9d124f932c54643837fd8f4e69224a5
original/pt_education_research_project/outputs/article_ready/tables/Table_1B_Analytical_Samples.md,1632,4ec788d6c07c3e8ae0ef3cc1ede69d841ce31890111de37b835ab6c7e6f5a73b
original/pt_education_research_project/outputs/article_ready/tables/Table_5_Out_of_Province_Performance.md,1587,c5ecadab716dd814e2b208425b882db9f8920e863ac3f184eaba9601fd888de8
original/pt_education_research_project/outputs/article_ready/tables/Table_4A_NB_Model_Comparison.csv,1080,77c55f41f219ca4ac81e621e7886d4bed84e47fe81b87a9e549364fb0f701088
original/pt_education_research_project/outputs/article_ready/tables/Table_2_Descriptive_Statistics.csv,2956,6ae602e90d9412e451206bd6da091523c50f528ab283efb2c0ddbc69c0da4d7c
original/pt_education_research_project/outputs/article_ready/tables/Table_3A_Regional_Inequality.csv,1316,195cf882d9b9edd53fbcdf53bb25a1306bb9a532eaa2f08d20978ed2929dd0d2
original/pt_education_research_project/outputs/article_ready/tables/Table_6B_STEM_Composition_by_Level.csv,1267,044edf7019ba3db50b0d50cc3b15c6fcb92524ff557a01623eb0777300b46a02
original/pt_education_research_project/outputs/article_ready/tables/Table_3B_Theil_Decomposition.csv,507,54400bccd026ffc3776745cc720e8222c27eb6db7d8c27e16ba6f47ae160824c
original/pt_education_research_project/outputs/article_ready/tables/06_output_manifest.csv,3738,943fcf76346c28c801c95c78a5049fe13fe6ca97cf518ddffce4c222fc901058
original/pt_education_research_project/outputs/article_ready/tables/Table_6D_STEM_Combined_Effects.csv,663,d9bb3d9374e0f30194164307ba01a4d268dc7c32474fccb1eaee24010ab9986a
original/pt_education_research_project/outputs/article_ready/tables/06_summary.json,186,13a727779610f04bbe11b25ef32a0b59541ac00f974d7876cc71fdd0d6511113
original/pt_education_research_project/outputs/article_ready/tables/Table_4B_Main_Model_IRR.csv,3286,a6e550297ee46957abd984326dd9f7d8b561276b3ee20b11b54235a82dc8bc92
original/pt_education_research_project/outputs/article_ready/tables/Table_3A_Regional_Inequality.md,1976,749e0ed52586d86631962a7f8aacd5bab9a21f825bed64491537501f7bcbf139
original/pt_education_research_project/outputs/article_ready/tables/Table_7_Robustness_Evidence.md,2343,43d69ba358f2647e0007ce74841e6e56978bc804bb6b8a531918e54608020080
original/pt_education_research_project/outputs/article_ready/tables/Table_5_Out_of_Province_Performance.csv,1662,20cc87263240671cc0d8e3bd7e314a0c11e1685dd8dbe2bf7368b70634e8253c
original/pt_education_research_project/outputs/article_ready/tables/Table_6C_STEM_Model_Effects.csv,1237,ce1a8d725d3717053e9185b2ee4d2b245ed7569d4f883c665c4b2f3ad586e28f
original/pt_education_research_project/outputs/article_ready/tables/Supplementary_Predictive_Rank_Stability.csv,662,4d72432262159f36eef0b3e3bad61aa653910a25c8c2b0a8c5b76297bc44404d
original/pt_education_research_project/outputs/article_ready/tables/Supplementary_Integrated_Evidence_Matrix.csv,653,9813173a882f5a63ab80e47cef41018a80e86b07eb1679449067a944d577c79e
original/pt_education_research_project/outputs/article_ready/tables/06_Table_Manifest.csv,1110,5c6891a55fb3d5da87d0613c25970fe29dc8ecda0c11c2b22e8c6aa947a0eea9
original/pt_education_research_project/outputs/article_ready/tables/06_prerequisite_audit.csv,136,662c5c5dea2ae06b9d1842ab1acb8fcd5e794b325669ac81bc1a882abfe9bff3
original/pt_education_research_project/outputs/article_ready/tables/Table_6C_STEM_Model_Effects.md,1432,2ae97de6049251f51b198ccb13b2a9df8c961717da795d87e07274860653607e
original/pt_education_research_project/outputs/article_ready/figures/Figure_1_Data_Integration_and_Analysis_Workflow.png,301111,cd769f51af540f034f56efecf9e2ef764660895eed909a8be97d4ef264cad5ef
original/pt_education_research_project/outputs/article_ready/figures/Figure_6_Robustness_Across_Specifications.png,109525,04fcc0a084f0b0119c07dd49d980b10cb32b8f516754fa689d9f5d9c2b749fd2
original/pt_education_research_project/outputs/article_ready/figures/Figure_3_Principal_Negative_Binomial_IRRs.png,180299,d2d398c040754065bd4ef65ba19fda118c592e3dcb393361963c4310bf49b706
original/pt_education_research_project/outputs/article_ready/figures/Figure_2_Lorenz_Curves_Graduate_Counts.png,208582,57bf07b5714b9cde1e28423bc950a788321a19bb322d00071e88333224c9a66f
original/pt_education_research_project/outputs/article_ready/figures/Figure_4_Out_of_Province_Predictive_Performance.png,140259,51d8b92bfb4ad489cab199213054546d3e9b5661177d8f3bf9cd7e727615e5e8
original/pt_education_research_project/outputs/article_ready/figures/Figure_5_Principal_STEM_Effects.png,257003,ac14ca485a7cd088a0baf6b85d7365320894ed79a4f4ae52a2b135c2c7b7f0db
original/pt_education_research_project/data/raw/data set jumlah dosen doktor bidang stem dan non stem.xls,95232,f14963e46fb7cf41b6e9a3468aefc4d909a50d396438852010bdf5a243792d29
original/pt_education_research_project/data/raw/data set jumlah dosen berdasarkan status sertifikasi.xls,156160,2e4b32ac6dd34db2dbd989215a3dfb06b83405475188bd6a3386fb60a043a661
original/pt_education_research_project/data/raw/data set jumlah dosen berdasarkan jabatan akademik.xls,248320,33d9bbfd6aa7df2d50dd3e8b156ad9a50da7295411b73d3479ec28887658e908
original/pt_education_research_project/data/raw/Data Mahasiswa Baru Tahun 2025.xlsx,273986,ba8c01b4a89bf1d0fd0666e384ebe2d7f6bc1a721541cf9e463d89be4573c80a
original/pt_education_research_project/data/raw/Mahasiswa Lulus (Tanpa Akreditasi).xlsx,635030,f472de8bafce76925f741d0e184fad20ab8925920035f46e4ed8e8fa0c9f1fba
original/pt_education_research_project/data/raw/Perguruan Tinggi Terakreditasi.xlsx,135088,bd11c70d7191c9f8cacc13ae3850d94cb29b74952eab79db92f6a4de6dc0f886
original/pt_education_research_project/data/raw/Dataset_Asli_Kemdiktisaintek_Juli_2026.zip,1126892,3c555d9e12547f83cbbd3bfd0d6794e8a78d26d60c8a5077dad755fe1b303a42
original/pt_education_research_project/data/raw/Mahasiswa Terdaftar.xlsx,133304,2ad958d08bf1cac56b0e00ceaae0d07ee4ae5e555bcf54a3dd8be66a2a66219c
original/pt_education_research_project/data/raw/Mahasiswa Aktif.xlsx,125226,f0d2b07f82b0ab62c5dbcf2e3e47bd0661a2e876092d034a0eeb7a10a5d96730
original/pt_education_research_project/data/processed/Dataset_Gabungan_Kemdiktisaintek_2025.xlsx,854411,7cb3ecd943393e492b8759cb16c0db3e5cc2989d87422a94e39e47df35a213a0
revision/Knowbase_Repeated_GroupCV/02_modeling_dataset.csv,1086494,716b55c4134ac0d517a6cc84c408b70659dd203a357ccebc56fccc2e020acd63
revision/Knowbase_Repeated_GroupCV/03_data_summary.csv,127,868813159460e1d79d4cc9a5defc87cfb703668626362cf7d2db8756bf65445c
revision/Knowbase_Repeated_GroupCV/README.md,3236,2a230f24771cbde1e8963953be3e6261fa26d086aade9c695f52fd798c218e2d
revision/Knowbase_Repeated_GroupCV/oof_repeat_01.csv,468182,1ca3cf9391e7cfbd1b87f334fec572fd17080c72538e21086989a8b3bd7c0c1b
revision/Knowbase_Repeated_GroupCV/oof_repeat_02.csv,468247,3d9700079b884977245c92bdf87f36af651557f88291ebc2647d485737e87242
revision/Knowbase_Repeated_GroupCV/oof_repeat_03.csv,468173,bcddd3f4673f9ba5df30613ec94864a6c1bfec83dc6f3fb2ff446e774316636e
revision/Knowbase_Repeated_GroupCV/oof_repeat_04.csv,468305,4ecfd711d65a8920f3cf008ff1c722d8d84e1ed07c795a05ed88fbc80a6f33bd
revision/Knowbase_Repeated_GroupCV/oof_repeat_05.csv,468279,df60ebf435813374621a78d130a361536fb9bf875a8937888cd83b2875938315
revision/Knowbase_Repeated_GroupCV/oof_repeat_06.csv,468286,978aefa8d8281ca4fe4dcd7a147c7fa6f6846b702aec20027d16527752373f49
revision/Knowbase_Repeated_GroupCV/oof_repeat_07.csv,468167,fdb2275da1180a0f3901b20e5fa88c96d04828332d3b0ab451baf3126959af2a
revision/Knowbase_Repeated_GroupCV/oof_repeat_08.csv,468273,6ed724d48a8e7804c7b67a5f33a1c2e6d7764fc129f099ed0f0d71cafdd04b4b
revision/Knowbase_Repeated_GroupCV/oof_repeat_09.csv,468431,71c2fd6e190194fdcb7cb327c7be54d79945bf13aa04432a031f916ae8e96907
revision/Knowbase_Repeated_GroupCV/oof_repeat_10.csv,468349,4cf8e492d0c14f83e509b052159e9e5b011e0b48c2293e40dab07a90fae82950
revision/Knowbase_Repeated_GroupCV/oof_repeat_11.csv,468313,5f005d847472d821220db95802c47f89f9166101b159edae2989b470b62d658d
revision/Knowbase_Repeated_GroupCV/oof_repeat_12.csv,468353,6ac31b8f47a6ccc294764e335a5d9ece5e1405ac49316fd409f842f252c0584e
revision/Knowbase_Repeated_GroupCV/oof_repeat_13.csv,468212,491a1fab8be2dc6ab87b49d8576100e0611f14540a94465212b4f6f7b59d74a4
revision/Knowbase_Repeated_GroupCV/oof_repeat_14.csv,468308,0890d71d05e85775e4387a4cee5edded01b8bd5e2e132c04c315bf51f8ce857b
revision/Knowbase_Repeated_GroupCV/oof_repeat_15.csv,468182,3898bacdfd981fa84147facb6e624e17330acdb252fe8f2cac6d6a534040c4d8
revision/Knowbase_Repeated_GroupCV/oof_repeat_16.csv,468105,cda60fd8769359dbe46cd82774f9d4eccc967ae6aab05de088cbc04d76a35234
revision/Knowbase_Repeated_GroupCV/oof_repeat_17.csv,468278,2478ee44238c7baac15deeb14ce2d235db47d257b91ce4771fa670083c1edd76
revision/Knowbase_Repeated_GroupCV/oof_repeat_18.csv,468169,88db4156be3abaf7698085d54609acb81243d81ece6caf9185784ce6e463748d
revision/Knowbase_Repeated_GroupCV/oof_repeat_19.csv,468229,6bf859a4781156b4ed51dc5daf4a25db27c30cfc98a4d3c4e9167c586264a496
revision/Knowbase_Repeated_GroupCV/oof_repeat_20.csv,468305,42df58ee0f1d7b74edf9ec002c26f6774cd7d98c6db995cdbeee89e536419c86
revision/Knowbase_Repeated_GroupCV/original_partition_replication.csv,564,f2d4590a9022fe9b135820b77c087ffc3e42ab57a7eea9cfe4dd0db7bed1bcee
revision/Knowbase_Repeated_GroupCV/province_fold_assignments.csv,19500,b9ad26c5ddb48f7c66c9da20dda3748fcc0739ebbb73a7ab316aaa1569bebf06
revision/Knowbase_Repeated_GroupCV/province_predictions.csv,297107,5d9d35d1e16b3fabfe6c0692c9b4146f6a23365a2d6fd0273c72389896045837
revision/Knowbase_Repeated_GroupCV/ranking_summary.csv,861,c9834bb64ec62a4fe9c60e7263aa888597c1adf1b2441aafa95e17340d29950c
revision/Knowbase_Repeated_GroupCV/repeat_metrics.csv,26461,94aed92907581e74efca8ac0225dff46e9c8d74f9fd4473bc405f611fde36c15
revision/Knowbase_Repeated_GroupCV/requirements.txt,126,ee912838e6c3c0520689d298d44f0385595bb07c8b6b168731b96511450bb187
revision/Knowbase_Repeated_GroupCV/run_repeated_groupcv.py,11815,52305c24fc100d5a70bcd27345e6ea27c4e38a9e295afd5b87083e163c9cdf0b
revision/Knowbase_Repeated_GroupCV/versions.json,136,40796916b35b162419600eb8f17fee761ff2531fa99933b1d2d8ba24905179a9
revision/Knowbase_Duan_Smearing/02_modeling_dataset.csv,1086494,716b55c4134ac0d517a6cc84c408b70659dd203a357ccebc56fccc2e020acd63
revision/Knowbase_Duan_Smearing/03_data_summary.csv,127,868813159460e1d79d4cc9a5defc87cfb703668626362cf7d2db8756bf65445c
revision/Knowbase_Duan_Smearing/README.md,2326,694f6c0ef731204dbf15f3f4a7c0e64aa9cdccb0a4f8e28abd94b7fffd169315
revision/Knowbase_Duan_Smearing/model_definitions.py,8765,226882a9d5070d434d2e7f97bce41434ea6efb22cd2d67f605ddc9dfc8b355c3
revision/Knowbase_Duan_Smearing/oof_predictions.csv,2036130,09f09db6fb8864512b7f2c2bf6bb03b6181381d612748020771cb11817d4d2c9
revision/Knowbase_Duan_Smearing/original_fold_assignments.csv,115881,911506004905d5226b56fe456411f3bb0f5ce027407cd508885a03eccfee0aeb
revision/Knowbase_Duan_Smearing/original_metrics.csv,5847,0d97698eb002cc86450474994c2115a40dbbf8354732a3a1305cac7b359f1c5d
revision/Knowbase_Duan_Smearing/replication_audit.csv,245,30533b4237da0ee6dae60fdb6e0406a274902b89db6952e4f0fd784229125c4c
revision/Knowbase_Duan_Smearing/requirements.txt,126,ee912838e6c3c0520689d298d44f0385595bb07c8b6b168731b96511450bb187
revision/Knowbase_Duan_Smearing/run_smearing.py,2640,b71eb2f46fa5aa4c8a239cd1e7a3a9d877616a0a64caaff3732d44f39da2c634
revision/Knowbase_Duan_Smearing/smearing_province_metrics.csv,1852,cddd021c5fd935bdd69ee0ac295baff59828139988dc389e17b77c78c4184c2b
revision/Knowbase_Duan_Smearing/training_smearing_factors.csv,1284,5ae76126f16f05a04a6f0f8c0fbc06b26af37348621adc44169dd0d68ebb1fdb
revision/Knowbase_Duan_Smearing/versions.json,136,40796916b35b162419600eb8f17fee761ff2531fa99933b1d2d8ba24905179a9
