repeat,seed,model,mae,rmse,rmsle,mean_poisson_deviance,log_r2,spearman_r,observed_total,predicted_total,predicted_to_observed_ratio,rank
1,4201,ExposureRateBaseline,23209.32542548596,70262.44909420353,0.3527549476960727,14998.39003024722,0.9126604635468315,0.9621084797555384,2544731.0,2635894.5459578377,1.0358244332928854,7.0
1,4201,NB2_Offset,11728.852287706723,20831.390581897405,0.24194862398785585,2968.9899506719503,0.9589123816531778,0.9856378915202444,2544731.0,2783086.92485224,1.0936664523095918,4.0
1,4201,PoissonRate,10838.500547566013,24775.8323220771,0.23535403223296608,3596.5985180706316,0.9611216395776995,0.9847211611917494,2544731.0,2612188.8568998184,1.026508836061579,2.0
1,4201,TweedieRate,10692.244140411967,23927.290746926003,0.24176450152020834,3486.488382434793,0.9589748930658981,0.9828877005347594,2544731.0,2614926.8748426787,1.0275847918081238,3.0
1,4201,HistGBPoissonRate,12937.107227776933,21179.378768849252,0.2772994643975177,3487.4224614555847,0.9460287202007537,0.9749427043544691,2544731.0,2791386.2866264805,1.096927842914037,6.0
1,4201,RandomForestLogCount,10847.603942034926,20645.381693223495,0.24453319849215627,3595.592466400864,0.9580298702449522,0.9841100076394194,2544731.0,2275509.513299083,0.894204343523572,5.0
1,4201,ExtraTreesLogCount,9673.835295578696,18808.08159960304,0.23049594806593457,3009.2027080074827,0.9627100977054059,0.9834988540870894,2544731.0,2307215.2256712737,0.9066637006706303,1.0
2,4202,ExposureRateBaseline,24953.98098156924,70913.86648823632,0.3652279641435223,15415.313719160351,0.9063748126316432,0.9578304048892282,2544731.0,2580357.182904018,1.013999979920871,7.0
2,4202,NB2_Offset,12429.194105709605,22966.97568011631,0.2575912151612181,3481.4823360264427,0.9534278003405434,0.9844155844155844,2544731.0,2798996.9480039757,1.099918595719538,6.0
2,4202,PoissonRate,12350.355019793586,27425.84608880799,0.24911280403085104,4168.998730326118,0.9564431208133727,0.9825821237585942,2544731.0,2670371.679215936,1.0493728725024123,4.0
2,4202,TweedieRate,12544.617046674153,26249.017869220388,0.25164473972895435,3979.212347993632,0.955553213394253,0.9804430863254392,2544731.0,2679871.930918146,1.0531061754339244,5.0
2,4202,HistGBPoissonRate,11134.999045195626,17388.372467037265,0.2395262993895054,2345.5598280882023,0.9597309796302431,0.9828877005347594,2544731.0,2705162.880083455,1.0630447304974298,2.0
2,4202,RandomForestLogCount,11336.390699057305,20995.84144613534,0.2397842987795581,3763.9931654504107,0.959644183499349,0.9838044308632542,2544731.0,2229469.1637819884,0.8761119205849217,3.0
2,4202,ExtraTreesLogCount,9045.436485883547,17940.757162404792,0.2293690584298832,2833.2012071903873,0.9630738254275248,0.9834988540870894,2544731.0,2304334.941904897,0.9055318388878419,1.0
3,4203,ExposureRateBaseline,24081.266324931243,69298.07531042761,0.34977504641510304,14663.54635658041,0.9141298343389251,0.9648586707410236,2544731.0,2585151.9444600656,1.0158841718280107,7.0
3,4203,NB2_Offset,12086.752150820288,21535.04054619869,0.2564219175219749,3266.89296688444,0.9538496560612613,0.9810542398777692,2544731.0,2775446.693818259,1.0906640795503568,6.0
3,4203,PoissonRate,11603.806654981727,26105.165648227692,0.2479246219411855,3938.238801383415,0.9568576324701102,0.9822765469824292,2544731.0,2639216.770949864,1.0371299642083442,4.0
3,4203,TweedieRate,11543.790229982324,24390.557376845765,0.2518744680817144,3652.086482274846,0.9554720247487882,0.9804430863254392,2544731.0,2634510.9990587486,1.0352807424669832,5.0
3,4203,HistGBPoissonRate,11161.599261962077,19962.739590862857,0.235797679296111,2617.485188546603,0.9609749284555232,0.9810542398777692,2544731.0,2729730.131458154,1.072698894876572,2.0
3,4203,RandomForestLogCount,10890.050081545898,20483.125267172934,0.23962742020430786,3695.1500202589996,0.9596969717095497,0.9822765469824292,2544731.0,2249119.112634037,0.883833738274905,3.0
3,4203,ExtraTreesLogCount,9314.87508670905,18430.714321597534,0.23091711976862997,3027.998471476921,0.9625736979066315,0.9810542398777692,2544731.0,2296138.396099687,0.9023108517559173,1.0
4,4204,ExposureRateBaseline,25183.38082849616,71316.56030392947,0.350189403083584,15613.763733615917,0.9139262637792092,0.971275783040489,2544731.0,2598021.845291811,1.0209416418834882,7.0
4,4204,NB2_Offset,12517.341534303618,22637.39603009721,0.25584423685666163,3439.865005178352,0.9540573616345407,0.9792207792207792,2544731.0,2794305.9261251213,1.098075170273448,5.0
4,4204,PoissonRate,11635.974153813371,25376.4075497042,0.2362083259906579,3773.102937942522,0.9608388841053683,0.9810542398777692,2544731.0,2617714.3573083505,1.028680185571029,1.0
4,4204,TweedieRate,11826.680999254922,24295.72751717661,0.24160003334087068,3649.2969186286095,0.9590306914114655,0.9831932773109242,2544731.0,2629659.8784191664,1.0333744031959238,3.0
4,4204,HistGBPoissonRate,14124.004188685807,24688.189519980486,0.2567626184416895,3645.1688435517926,0.9537269371419906,0.9783040488922842,2544731.0,2819631.7628303254,1.1080274350531845,6.0
4,4204,RandomForestLogCount,11600.066626962653,21167.300676025265,0.2431819037104973,3798.686226686809,0.9584924439677897,0.9862490450725744,2544731.0,2244270.120675786,0.881928235509288,4.0
4,4204,ExtraTreesLogCount,9080.520091525235,18857.963510532656,0.23916260244860238,3152.055260329752,0.9598531758193241,0.9844155844155844,2544731.0,2313681.5728271673,0.9092047736390083,2.0
5,4205,ExposureRateBaseline,24436.99516859811,70169.29980620275,0.35182763724667543,15160.704259329632,0.9131190505193676,0.9724980901451488,2544731.0,2555812.528376167,1.0043546953985185,7.0
5,4205,NB2_Offset,14361.24582885965,24322.405867207734,0.26236519088637833,3769.031760615705,0.9516855450396431,0.978609625668449,2544731.0,2827606.940876807,1.1111614315528073,5.0
5,4205,PoissonRate,13261.493671196427,27640.870760593112,0.24634127877586004,4267.834733311952,0.9574069207799565,0.9838044308632542,2544731.0,2653677.9646677887,1.0428127627901687,2.0
5,4205,TweedieRate,13172.611706149044,25973.362538153284,0.24910357555494655,3985.856396168603,0.9564463479149757,0.9825821237585942,2544731.0,2654522.17132707,1.0431445097053755,3.0
5,4205,HistGBPoissonRate,15326.719114556548,24338.847213924724,0.26747069429086484,3910.172379112296,0.949786896435597,0.975248281130634,2544731.0,2805534.6702753315,1.1024877168845475,6.0
5,4205,RandomForestLogCount,12611.179430259743,21627.43827388011,0.24937219349393716,4016.684262182911,0.9563523661234234,0.9822765469824292,2544731.0,2206308.603392768,0.8670105419365616,4.0
5,4205,ExtraTreesLogCount,10158.28293150202,18991.331515179743,0.24583347026790217,3287.763242778129,0.9575823427388506,0.9801375095492743,2544731.0,2289761.7206007307,0.899805016954928,1.0
6,4206,ExposureRateBaseline,22759.830847862322,69436.83123545481,0.3485425890428308,14521.392817329668,0.9147339075437045,0.9618029029793734,2544731.0,2643750.8166832,1.038911702919955,7.0
6,4206,NB2_Offset,11935.712369826633,20780.16078543374,0.25079713737317105,3029.101758569662,0.9558521249049625,0.9822765469824292,2544731.0,2779779.0492020063,1.0923665602383932,6.0
6,4206,PoissonRate,10781.614691432438,24651.9638643967,0.2360159732829796,3505.8543875479154,0.9609026386708082,0.9844155844155844,2544731.0,2602959.3548522885,1.022881929308948,1.0
6,4206,TweedieRate,10697.432607873683,23102.40158324661,0.24221686461235495,3310.62254544508,0.9588212261199051,0.9838044308632542,2544731.0,2597213.1066569574,1.0206238327968487,3.0
6,4206,HistGBPoissonRate,10837.414580707733,16769.84090497479,0.2507041787484173,2339.6087682450634,0.9558848458939828,0.9792207792207792,2544731.0,2719741.6534348987,1.0687737342119457,5.0
6,4206,RandomForestLogCount,12086.506887109887,22364.930394455965,0.24829296503674092,3863.6568813490053,0.9567293434933923,0.9859434682964094,2544731.0,2229208.2837539213,0.876009402861804,4.0
6,4206,ExtraTreesLogCount,9710.405978217763,19213.693475578686,0.23818332260658015,3049.0164093928665,0.960181274655077,0.9850267379679144,2544731.0,2312518.7633577636,0.9087478257457325,2.0
7,4207,ExposureRateBaseline,23754.896185122598,70031.43163846014,0.3467256042352093,14712.567381142691,0.9156205904028255,0.9663865546218486,2544731.0,2645937.29319609,1.0397709200682077,7.0
7,4207,NB2_Offset,11621.462840613036,19881.614534477416,0.2477046419771398,2892.528752331293,0.9569341577140396,0.9813598166539342,2544731.0,2759195.6254030373,1.0842779159773812,3.0
7,4207,PoissonRate,11872.624613325748,25503.685269529757,0.24564324572478904,3824.401926908276,0.9576479624255196,0.9813598166539342,2544731.0,2641709.272159933,1.0381094395281596,2.0
7,4207,TweedieRate,11574.236443505391,23421.77447271255,0.24938367926026728,3489.9513424469164,0.9563483453217312,0.977692895339954,2544731.0,2639584.8137652706,1.0372745935681495,4.0
7,4207,HistGBPoissonRate,10691.482802740655,16273.111169164451,0.25681921330348434,2437.053847923212,0.9537065361488148,0.976165011459129,2544731.0,2621008.9755501505,1.029974867893758,5.0
7,4207,RandomForestLogCount,11829.50460750472,21582.834625422296,0.2634840826888323,4240.822004868492,0.9512725792981498,0.9783040488922842,2544731.0,2245933.542025445,0.8825819082745662,6.0
7,4207,ExtraTreesLogCount,9790.753761213044,18918.997317966252,0.24432018750583864,3221.778649665697,0.9581029581116675,0.9801375095492743,2544731.0,2312434.0806172434,0.9087145480670623,1.0
8,4208,ExposureRateBaseline,25276.66666660777,71782.32905171288,0.3611185240291379,15722.282604879525,0.9084698470010416,0.9627196333078686,2544731.0,2626856.68995819,1.0322728374661958,7.0
8,4208,NB2_Offset,12101.37155404984,20578.60263332032,0.25407275987525235,3071.4039538107163,0.9546913768153205,0.9822765469824292,2544731.0,2770614.7146090725,1.0887652622650774,4.0
8,4208,PoissonRate,10967.398386542494,23315.522657352478,0.2325365774456304,3364.1691726575987,0.9620469041627875,0.9825821237585942,2544731.0,2605393.9476752817,1.0238386484368216,1.0
8,4208,TweedieRate,10938.82246696543,22252.853495271655,0.23470100951186756,3193.107200345552,0.9613370871786228,0.9819709702062642,2544731.0,2614307.509833829,1.0273414006564265,2.0
8,4208,HistGBPoissonRate,11025.045222672976,16244.572420852872,0.2590171979174952,2570.0262029699843,0.9529107409817718,0.9798319327731092,2544731.0,2747556.5832065693,1.0797041350172452,6.0
8,4208,RandomForestLogCount,11333.011126464828,20618.19541822648,0.2542089770092568,3717.8148566128025,0.954642780773314,0.9816653934300992,2544731.0,2257619.73288939,0.8871742171920687,5.0
8,4208,ExtraTreesLogCount,8981.97563853714,18514.13774984602,0.24001940642108266,3029.9187987285636,0.9595650072368223,0.9847211611917494,2544731.0,2310432.155059851,0.9079278536944969,3.0
9,4209,ExposureRateBaseline,23316.33306080089,67452.81234723722,0.3420019402219698,14177.133502254288,0.9179040383000234,0.9666921313980136,2544731.0,2595697.8412171816,1.0200283806882462,7.0
9,4209,NB2_Offset,12396.936168320419,21185.881178359767,0.251792823373121,3139.7874490251734,0.9555008874149793,0.9810542398777692,2544731.0,2794677.9518974624,1.0982213648112364,5.0
9,4209,PoissonRate,10905.045946345763,24052.25726943142,0.22615619277715657,3432.9868505028653,0.9641010601169686,0.9874713521772344,2544731.0,2640864.8194754613,1.037777595932718,1.0
9,4209,TweedieRate,11096.363726938323,22354.176605058507,0.22805697332767702,3149.6387606330427,0.9634950828204841,0.9859434682964094,2544731.0,2642021.182299234,1.0382320104951108,2.0
9,4209,HistGBPoissonRate,13086.269086214388,22887.75787913179,0.2657151321433424,3384.3351652785755,0.9504438874946938,0.973109243697479,2544731.0,2767819.795279554,1.0876669460463813,6.0
9,4209,RandomForestLogCount,11801.02866632845,21408.259803254732,0.2470359304830737,3815.7269543899106,0.9571663677417472,0.9838044308632542,2544731.0,2225203.408051155,0.8744356114855185,4.0
9,4209,ExtraTreesLogCount,9427.60489594785,19032.901554239877,0.2378252639445637,3077.142905925107,0.9603009028711041,0.9844155844155844,2544731.0,2303653.8401080407,0.905264187101914,3.0
10,4210,ExposureRateBaseline,22118.151331858353,67057.47790501398,0.3460502033321294,13894.1047759124,0.9159490023934451,0.9660809778456838,2544731.0,2640248.343087032,1.0375353399188487,7.0
10,4210,NB2_Offset,12454.1456686661,21238.882925263802,0.25424289743699324,3153.1226057051567,0.9546306754657623,0.9825821237585942,2544731.0,2803148.515580573,1.1015500324319438,6.0
10,4210,PoissonRate,10528.507212898605,23308.327039017404,0.2182870629268623,3294.9526888681735,0.9665558124813761,0.9831932773109242,2544731.0,2636354.318187582,1.0360051094546268,1.0
10,4210,TweedieRate,10316.235140796225,21333.524525714372,0.22180310027884126,2977.338416843081,0.9654697375325912,0.9838044308632542,2544731.0,2627073.3236569776,1.0323579677604342,2.0
10,4210,HistGBPoissonRate,9193.430188603343,14173.966478423954,0.23257705282496713,1921.3743289143142,0.9620336907607445,0.977998472116119,2544731.0,2620660.6786035565,1.0298379980451986,4.0
10,4210,RandomForestLogCount,12391.830509974377,22640.044571664912,0.24827379987013576,4012.6341296236806,0.9567360231617871,0.9847211611917494,2544731.0,2221031.8959817626,0.8727963372088298,5.0
10,4210,ExtraTreesLogCount,10317.15243042298,19562.596080510604,0.2319419755839177,3155.502793573009,0.9622407500473474,0.9841100076394194,2544731.0,2278272.1422336255,0.8952899706230739,3.0
11,4211,ExposureRateBaseline,25475.144627090012,71615.8370075096,0.3561795750775699,15575.664397068667,0.9109564065953604,0.9541634835752483,2544731.0,2614169.415827559,1.0272871340143845,7.0
11,4211,NB2_Offset,13151.31266114403,21731.990673166136,0.2597127548324059,3378.5876002232326,0.9526574972798386,0.977081741787624,2544731.0,2796782.676155878,1.0990484558705333,5.0
11,4211,PoissonRate,11784.894916573307,25183.399597057116,0.24105887488713104,3781.8057009070126,0.9592140196764635,0.9810542398777692,2544731.0,2650615.265691017,1.0416092175129774,2.0
11,4211,TweedieRate,11964.59049464096,23714.691928408167,0.24790926249489628,3576.069791645436,0.9568629778234328,0.9813598166539342,2544731.0,2662294.598521988,1.0461988314371884,4.0
11,4211,HistGBPoissonRate,11780.233463915625,16560.718508562146,0.27071170806245143,2934.489865989826,0.9485626325898473,0.9709702062643238,2544731.0,2710016.903313852,1.064952210396247,6.0
11,4211,RandomForestLogCount,11549.68719181665,21350.086149008624,0.24730495138679004,4100.724627542747,0.9570730257185077,0.9856378915202444,2544731.0,2231559.752645522,0.8769334568744287,3.0
11,4211,ExtraTreesLogCount,9542.668984433616,19230.657556097252,0.23598423807547703,3269.330516742288,0.9609131521919019,0.9822765469824292,2544731.0,2312998.02499081,0.9089361606357647,1.0
12,4212,ExposureRateBaseline,21628.187673067856,66320.25093236708,0.3503372053190606,13557.037150284543,0.913853591246909,0.9624140565317034,2544731.0,2683155.327013432,1.0543964478027077,7.0
12,4212,NB2_Offset,12846.770529812315,22296.518475847617,0.24851280301687317,3312.432749861462,0.9566526861067365,0.9841100076394194,2544731.0,2828314.756316636,1.11143958096814,3.0
12,4212,PoissonRate,11478.418695889053,24090.529259222047,0.24321935973157457,3623.914884540437,0.9584796566049012,0.9834988540870894,2544731.0,2654938.2833541934,1.0433080287677532,2.0
12,4212,TweedieRate,11578.129748825399,23151.410450962114,0.2503076267010325,3508.1848915616984,0.9560242940612406,0.9801375095492743,2544731.0,2665614.87128606,1.0475035951878844,4.0
12,4212,HistGBPoissonRate,11148.729681762423,16903.097442943166,0.2575629199186116,2687.872538415536,0.9534380312741689,0.9688311688311688,2544731.0,2723400.742536828,1.0702116422273427,6.0
12,4212,RandomForestLogCount,12237.605543507347,23129.042023377107,0.25250953829207373,4259.80916510916,0.9552471981432858,0.9813598166539342,2544731.0,2204155.845291288,0.8661645750734707,5.0
12,4212,ExtraTreesLogCount,9578.251140221728,19398.473517491526,0.2385620507899149,3317.147324478133,0.9600545448500465,0.9834988540870894,2544731.0,2300439.0505585335,0.9040008749681335,1.0
13,4213,ExposureRateBaseline,21851.313572728486,65732.91613655015,0.3359058723054881,13317.851344122322,0.9208046199205964,0.9669977081741786,2544731.0,2622071.6602259325,1.0303924698626032,7.0
13,4213,NB2_Offset,13172.637637283482,21533.134403945354,0.2640612841477439,3341.9923843866527,0.95105885598979,0.9801375095492743,2544731.0,2799515.021992415,1.1001221826560117,6.0
13,4213,PoissonRate,11360.113914894448,24979.122057256798,0.23472879017374748,3671.0172512993026,0.9613279338743564,0.9874713521772344,2544731.0,2656551.4843366956,1.043941966493392,1.0
13,4213,TweedieRate,11511.277504377238,23410.757088376362,0.24113076840597544,3439.320015020314,0.9591896879865073,0.9831932773109242,2544731.0,2652826.2730845017,1.042478074533026,2.0
13,4213,HistGBPoissonRate,13007.439996243787,20299.243537826496,0.24599009625800344,3048.085243482999,0.9575282750483425,0.9749427043544691,2544731.0,2743834.5138667556,1.078241477730556,4.0
13,4213,RandomForestLogCount,12063.275866311644,22240.003138154687,0.2574864285208478,4079.5462101316466,0.9534656832452569,0.9831932773109242,2544731.0,2220645.754490768,0.8726445956333962,5.0
13,4213,ExtraTreesLogCount,10248.62321895505,19890.070574630463,0.2457703593342081,3324.534123393934,0.9576041190602509,0.9853323147440795,2544731.0,2284127.7033814862,0.8975910237197905,3.0
14,4214,ExposureRateBaseline,20914.471741339807,64760.663720902245,0.3371382247988452,13036.783114424554,0.9202224589007642,0.9703590527119939,2544731.0,2649843.9711302347,1.0413061227808498,7.0
14,4214,NB2_Offset,12184.566786366047,20377.38263908055,0.2524648127745716,3009.205886855676,0.9552630503362063,0.9792207792207792,2544731.0,2793868.4953389987,1.0979032736029855,5.0
14,4214,PoissonRate,11026.463368648625,23038.979295585752,0.23482111100165218,3397.4650760237523,0.9612975077876275,0.9859434682964094,2544731.0,2639591.6371007287,1.0372772749263983,2.0
14,4214,TweedieRate,10768.880608974649,21071.75676481315,0.2359433524249669,3042.356114820468,0.9609266950689408,0.9825821237585942,2544731.0,2632408.072874276,1.0344543579947256,3.0
14,4214,HistGBPoissonRate,12967.767722170873,22953.794926426526,0.24827502972425744,3194.1062207942737,0.9567355945341022,0.974331550802139,2544731.0,2739596.1732946835,1.0765759419344063,4.0
14,4214,RandomForestLogCount,13158.975790889068,24816.54102820809,0.25742712382230826,4684.658805481102,0.9534871164977432,0.9847211611917494,2544731.0,2198246.194814348,0.8638422665556195,6.0
14,4214,ExtraTreesLogCount,9958.085248175177,19426.825151332097,0.23003722757532233,3112.044082257178,0.9628583746799881,0.9847211611917494,2544731.0,2299459.9818823165,0.9036161314819982,1.0
15,4215,ExposureRateBaseline,24295.10286864876,70749.1910374096,0.3621028677813838,15116.018767877424,0.9079701776543546,0.9608861726508786,2544731.0,2637681.2823306364,1.0365265650202855,7.0
15,4215,NB2_Offset,12062.655382000523,22161.876241455386,0.2525907588395648,3254.99244093069,0.9552184037327968,0.9834988540870894,2544731.0,2792924.486828626,1.097532307669701,5.0
15,4215,PoissonRate,11355.60346884144,27017.751415427145,0.25243441721741045,4078.576026757615,0.9552738219177095,0.9819709702062642,2544731.0,2660243.227423622,1.0453927065075332,4.0
15,4215,TweedieRate,11488.693270556005,25612.111764116293,0.25772999255165274,3861.475157302182,0.9533776052331597,0.9789152024446142,2544731.0,2669612.2749096677,1.0490744502698586,6.0
15,4215,HistGBPoissonRate,10489.791338033403,18970.2468121492,0.24596147750457792,2569.0509300658346,0.9575381568861632,0.977387318563789,2544731.0,2679242.4327969337,1.0528588022847734,2.0
15,4215,RandomForestLogCount,11766.74274381628,21456.77944836922,0.24734643430805367,3874.4189228673513,0.9570586233732693,0.9847211611917494,2544731.0,2234217.726283918,0.8779779577031592,3.0
15,4215,ExtraTreesLogCount,8692.866427485556,17437.338819513003,0.22645233237417892,2714.1627791540286,0.9640069830290018,0.9856378915202444,2544731.0,2319103.3179350942,0.9113353505478945,1.0
16,4216,ExposureRateBaseline,22363.388388821186,67398.97417518726,0.33902321508172034,13827.845999871388,0.919327868629423,0.9706646294881588,2544731.0,2613502.147942165,1.0270249185246554,7.0
16,4216,NB2_Offset,11720.866001845628,20100.052452050215,0.2600741312543168,3044.7220569622914,0.9525256564928483,0.9807486631016042,2544731.0,2775188.8574836394,1.0905627579039354,5.0
16,4216,PoissonRate,11585.734152300338,25658.43759006477,0.24394575602319465,3855.1767892276334,0.9582312778442644,0.9844155844155844,2544731.0,2628873.3564155,1.033065324553165,1.0
16,4216,TweedieRate,11383.769666405198,23506.564821894484,0.2454597798213517,3516.784397553979,0.9577112025372388,0.9825821237585942,2544731.0,2620294.506248226,1.0296941037179277,3.0
16,4216,HistGBPoissonRate,12394.13259260517,18712.131835410415,0.28318517452937464,3102.8608530860893,0.9437133137497428,0.974637127578304,2544731.0,2801674.5060345214,1.100970792604217,6.0
16,4216,RandomForestLogCount,11632.114307789718,21256.32184140557,0.2513896099159506,3963.094092141353,0.9556432923841385,0.9828877005347594,2544731.0,2251164.9445766364,0.8846376864889202,4.0
16,4216,ExtraTreesLogCount,9620.286541408563,19393.738734718292,0.24458394607205866,3340.7055727390507,0.9580124484508405,0.9810542398777692,2544731.0,2307643.4206703156,0.9068319679645179,2.0
17,4217,ExposureRateBaseline,22719.64030742496,67159.49885598787,0.35651612274134625,14040.764055340418,0.9107880557225595,0.9642475171886936,2544731.0,2633898.0068469215,1.0350398556259666,7.0
17,4217,NB2_Offset,12413.926792888302,20827.300551272507,0.2631805097336541,3305.286591976365,0.9513847971252493,0.974025974025974,2544731.0,2808841.89147405,1.1037873517766907,6.0
17,4217,PoissonRate,10381.773766281212,23184.829755139577,0.22934797227204748,3329.656300621231,0.9630806144457159,0.9838044308632542,2544731.0,2636733.9821458785,1.0361543055615223,1.0
17,4217,TweedieRate,10285.73301802958,21270.860232075447,0.2299891489038864,2993.585806933055,0.9628738985446076,0.9834988540870894,2544731.0,2628382.1061971937,1.032872278522639,3.0
17,4217,HistGBPoissonRate,11247.677804750183,18466.711129187726,0.25904746741474216,2685.0080882135258,0.9528997343652692,0.9734148204736438,2544731.0,2723496.23116515,1.0702491662832536,5.0
17,4217,RandomForestLogCount,12398.427714931835,22734.324238046374,0.2542375303071792,4169.486893114418,0.9546325909606422,0.9825821237585942,2544731.0,2201072.389511967,0.8649528730195715,4.0
17,4217,ExtraTreesLogCount,9901.084963077275,18969.871660880868,0.22960692982255201,2977.927607084292,0.9629971957786068,0.9853323147440795,2544731.0,2292709.404350537,0.9009633648313071,2.0
18,4218,ExposureRateBaseline,24842.151807861155,71381.6235034497,0.35951367234262166,15577.220061576689,0.9092815800337557,0.9651642475171887,2544731.0,2616711.3706191652,1.0282860430509808,7.0
18,4218,NB2_Offset,12432.47476491086,20920.906795790135,0.25692073649342295,3162.159116858265,0.9536699283809322,0.9804430863254392,2544731.0,2761884.6192123997,1.0853346067668448,4.0
18,4218,PoissonRate,11418.02358083577,24268.59650613192,0.2397834821832515,3603.089959707868,0.9596444583660084,0.9822765469824292,2544731.0,2600917.5189010305,1.0220795513950318,2.0
18,4218,TweedieRate,11237.315228072132,22896.35613113076,0.23838676094907477,3344.76276246298,0.9601132252645309,0.9825821237585942,2544731.0,2603806.547209851,1.0232148495105577,1.0
18,4218,HistGBPoissonRate,13233.413137612162,20940.57726839575,0.26107765279755946,3238.396704160981,0.9521585808365209,0.977998472116119,2544731.0,2710389.100189534,1.0650984721723176,6.0
18,4218,RandomForestLogCount,11819.199347844626,21485.985166555794,0.25976466745214555,4051.7879532458865,0.9526385692994355,0.9841100076394194,2544731.0,2236737.9713673545,0.8789683355008268,5.0
18,4218,ExtraTreesLogCount,9985.11417757893,19159.301260944536,0.24900727284619237,3326.772791591644,0.9564800168328454,0.9804430863254392,2544731.0,2322944.5902841543,0.9128448509033584,3.0
19,4219,ExposureRateBaseline,25784.542033936137,71378.1645917875,0.3641690291435198,15721.473148115852,0.9069169357484942,0.9578304048892282,2544731.0,2566475.877373107,1.008545059329692,7.0
19,4219,NB2_Offset,12150.858982186423,20467.677039080467,0.254298760440735,3051.4284241746022,0.9546107359102266,0.9822765469824292,2544731.0,2766442.056890195,1.0871255377838345,4.0
19,4219,PoissonRate,10859.752785137283,24386.608807706674,0.2304048156385077,3472.542362684466,0.9627395788961791,0.9819709702062642,2544731.0,2618477.6717523476,1.0289801443658868,1.0
19,4219,TweedieRate,11118.91158329718,22873.60355791128,0.23329007007346056,3229.1921798644858,0.9618005454132007,0.9825821237585942,2544731.0,2633675.69351236,1.0349524934118224,2.0
19,4219,HistGBPoissonRate,10648.510538556538,15712.170144633461,0.26407325636609696,2465.590187613315,0.9510544180249653,0.975859434682964,2544731.0,2699058.1179726804,1.0606457491863306,5.0
19,4219,RandomForestLogCount,12048.84975415615,21492.33753272406,0.26436175216243407,4109.175830758158,0.9509474150811227,0.9828877005347594,2544731.0,2232451.708844438,0.8772839678710395,6.0
19,4219,ExtraTreesLogCount,9293.001814056024,18191.75108571293,0.24919018091508913,3124.6641109450493,0.956416058221908,0.9847211611917494,2544731.0,2305022.7944208556,0.9058021434960535,3.0
20,4220,ExposureRateBaseline,23618.224312102375,70027.35843423878,0.35467746514800363,14928.937943810071,0.9117058669097371,0.9660809778456838,2544731.0,2669531.485769246,1.049042702654719,7.0
20,4220,NB2_Offset,12928.720465029028,22418.663459240568,0.2576039344504842,3406.5614231744366,0.9534232009608347,0.9807486631016042,2544731.0,2812182.812559198,1.1051002296742556,5.0
20,4220,PoissonRate,12635.883409585364,24665.672598542333,0.2485140552728644,3829.1294957795208,0.9566522492514145,0.9795263559969442,2544731.0,2641448.5472669676,1.0380069827683034,3.0
20,4220,TweedieRate,11942.535031724046,23305.202630008775,0.24888358521619583,3525.3063026615278,0.9565232408448431,0.9816653934300992,2544731.0,2627960.769423795,1.032706706297756,4.0
20,4220,HistGBPoissonRate,10848.50995509023,16163.837186091767,0.22985283196791756,2181.8167164756996,0.962917895546991,0.9847211611917494,2544731.0,2639390.275712745,1.0371981461744855,1.0
20,4220,RandomForestLogCount,11818.232408070395,21646.880812980846,0.2581448980009201,4195.488280409775,0.9532273747086647,0.9850267379679144,2544731.0,2224991.3292682935,0.8743522711313272,6.0
20,4220,ExtraTreesLogCount,9817.769768553577,19629.51902802051,0.24727736216197277,3541.722355474314,0.9570826030106431,0.9847211611917494,2544731.0,2316183.707922013,0.91018803477539,2.0
