scheme,model,level,mae,rmse,rmsle,mean_poisson_deviance,log_r2,spearman_r,observed_total,predicted_total,predicted_to_observed_ratio,n_provinces
GroupKFold_Province,ExposureRateBaseline,stratum,653.4367974811788,5551.864024606816,0.8251022475880685,932.8120273175522,0.8376240093858149,0.9206497211784126,2544731.0,2600970.742663943,1.0221004666756301,
GroupKFold_Province,ExtraTreesLogCount,stratum,220.64581422605812,1346.8365489031112,0.5456381561242424,162.38049520721427,0.9289906170766504,0.9646634449889954,2544731.0,2302610.4946057294,0.9048541848257161,
GroupKFold_Province,HistGBPoissonRate,stratum,252.99619933809726,1186.1234920830111,0.5572711397526471,153.55138483799396,0.9259305060245342,0.9651340727440685,2544731.0,2684235.639313792,1.0548209768788104,
GroupKFold_Province,NB2_Offset,stratum,263.29183818139325,1690.3729882015075,0.5364589169903693,144.51368145486725,0.9313596940946984,0.96873341398482,2544731.0,2787728.403912278,1.0954904089714308,
GroupKFold_Province,PoissonRate,stratum,258.96395655831526,2066.506607677629,0.5289872923035704,158.69240209018983,0.9332583787925229,0.9685092603628387,2544731.0,2636697.10552669,1.0361398141991,
GroupKFold_Province,RandomForestLogCount,stratum,251.84074528145263,1505.5125305891793,0.5512334833713761,197.31808813539186,0.9275267974271668,0.9640514171064116,2544731.0,2241429.6547455834,0.8808120208955617,
GroupKFold_Province,TweedieRate,stratum,258.87497841340274,1949.057376418219,0.5426806703295306,160.87880375035317,0.9297583056609412,0.9669184316889161,2544731.0,2633087.385628944,1.0347213067428125,
RandomKFold,ExposureRateBaseline,stratum,645.048611139833,5183.557349708021,0.8247288078849734,921.3569930392406,0.8377709582510289,0.9209114983246957,2544731.0,2578243.5739195165,1.0131693974410327,
RandomKFold,ExtraTreesLogCount,stratum,213.09963121694517,1284.5753275496486,0.535553510087253,151.923642514734,0.9315911935079202,0.9658791287445758,2544731.0,2313828.0665675807,0.9092623411148686,
RandomKFold,HistGBPoissonRate,stratum,160.97995512759417,695.3824432612694,0.5060811784867779,68.78740033445715,0.9389133027255051,0.9708666337391053,2544731.0,2594058.8243896924,1.0193842981398398,
RandomKFold,NB2_Offset,stratum,260.9173305643821,1696.5158020516715,0.5318209886882886,142.05053135244736,0.9325414162103052,0.9691965717733698,2544731.0,2773981.4486073623,1.0900882838332862,
RandomKFold,PoissonRate,stratum,237.46299850765098,1476.4836468203036,0.5227594319029387,137.5671235742538,0.9348206495744124,0.9693259108437678,2544731.0,2575604.5714640585,1.0121323516961354,
RandomKFold,RandomForestLogCount,stratum,240.23279922390518,1376.4743889616557,0.540582629656027,164.1784101576127,0.930300374205526,0.9653770773989059,2544731.0,2250864.155894832,0.8845194859082678,
RandomKFold,TweedieRate,stratum,239.22523661260882,1271.84237302948,0.5406536800229774,142.3439443157503,0.9302820513473453,0.9671854938996464,2544731.0,2572159.201257845,1.0107784285481825,
GroupKFold_Province,ExposureRateBaseline,province,23252.60730057591,68351.14458568198,0.34384944372793924,14290.932558838236,0.9170146734818017,0.9621084797555384,2544731.0,2600970.7426639423,1.02210046667563,34.0
GroupKFold_Province,ExtraTreesLogCount,province,9260.13639487674,18890.903113895474,0.23816874326166843,3176.7860389339944,0.9601861491623017,0.9838044308632542,2544731.0,2302610.4946057294,0.9048541848257161,34.0
GroupKFold_Province,HistGBPoissonRate,province,10985.622954841392,14772.569271390881,0.2470371534058703,2385.3136183855886,0.9571659436548147,0.971275783040489,2544731.0,2684235.6393137914,1.0548209768788102,34.0
GroupKFold_Province,NB2_Offset,province,11990.647449427068,21109.01279856052,0.25058516730970076,3148.389091113087,0.9559267196419676,0.9825821237585942,2544731.0,2787728.4039122784,1.095490408971431,34.0
GroupKFold_Province,PoissonRate,province,11402.150579772573,25578.70482304392,0.22689968018273857,3751.978121067877,0.9638646369472489,0.9847211611917494,2544731.0,2636697.10552669,1.0361398141991,34.0
GroupKFold_Province,RandomForestLogCount,province,11819.489390221637,21217.253474578498,0.24761439850818195,3815.483456114584,0.9569655313937905,0.9862490450725744,2544731.0,2241429.6547455834,0.8808120208955617,34.0
GroupKFold_Province,TweedieRate,province,11260.1767989493,23751.680274070277,0.22552658358543873,3395.5400362134483,0.9643006641191687,0.9850267379679144,2544731.0,2633087.385628944,1.0347213067428125,34.0
RandomKFold,ExposureRateBaseline,province,21659.98879747835,62127.64138412741,0.33486995635957456,12556.777561581273,0.9212923354426183,0.9706646294881588,2544731.0,2578243.5739195165,1.0131693974410327,34.0
RandomKFold,ExtraTreesLogCount,province,8637.827492863164,17514.402941556382,0.21835256816082357,2780.10315964635,0.9665357370998121,0.9850267379679144,2544731.0,2313828.0665675807,0.9092623411148686,34.0
RandomKFold,HistGBPoissonRate,province,4422.125930198483,7023.661327018545,0.12555733267215397,503.80279713157324,0.9889350662753796,0.9951107715813597,2544731.0,2594058.8243896924,1.0193842981398398,34.0
RandomKFold,NB2_Offset,province,11363.978674623393,20670.901321353194,0.23989858290320426,2929.7642051154767,0.9596057061826859,0.9853323147440795,2544731.0,2773981.448607362,1.0900882838332862,34.0
RandomKFold,PoissonRate,province,8994.138656782025,17003.796545200774,0.21589371927788006,2276.6964609297456,0.9672851697460819,0.9841100076394194,2544731.0,2575604.5714640585,1.0121323516961354,34.0
RandomKFold,RandomForestLogCount,province,10430.14033871518,18459.70841188015,0.2160749632800727,2740.691470803229,0.9672302181184511,0.9874713521772344,2544731.0,2250864.155894832,0.8845194859082678,34.0
RandomKFold,TweedieRate,province,8875.0488435831,14091.465189237004,0.22257033561229497,1951.6085626315942,0.9652304382814368,0.9804430863254392,2544731.0,2572159.2012578445,1.0107784285481822,34.0
