scheme,model,fold,training_n,smearing_factor
GroupKFold_Province,RandomForestLogCount,1,2052,1.0381831394253944
GroupKFold_Province,RandomForestLogCount,2,2047,1.0364536043700698
GroupKFold_Province,RandomForestLogCount,3,2062,1.0365448945521905
GroupKFold_Province,RandomForestLogCount,4,2062,1.0398025073821209
GroupKFold_Province,RandomForestLogCount,5,2045,1.0359325636586123
GroupKFold_Province,ExtraTreesLogCount,1,2052,1.0212004877187544
GroupKFold_Province,ExtraTreesLogCount,2,2047,1.0229817726952402
GroupKFold_Province,ExtraTreesLogCount,3,2062,1.0213594997825648
GroupKFold_Province,ExtraTreesLogCount,4,2062,1.0217462079156996
GroupKFold_Province,ExtraTreesLogCount,5,2045,1.021208579191461
RandomKFold,RandomForestLogCount,1,2053,1.0398351223208255
RandomKFold,RandomForestLogCount,2,2053,1.0407942204823843
RandomKFold,RandomForestLogCount,3,2054,1.0395253447265582
RandomKFold,RandomForestLogCount,4,2054,1.0370412675918645
RandomKFold,RandomForestLogCount,5,2054,1.0402249344479595
RandomKFold,ExtraTreesLogCount,1,2053,1.0212784042150398
RandomKFold,ExtraTreesLogCount,2,2053,1.0226098783837394
RandomKFold,ExtraTreesLogCount,3,2054,1.0220224501366046
RandomKFold,ExtraTreesLogCount,4,2054,1.0215714960982214
RandomKFold,ExtraTreesLogCount,5,2054,1.0219934144377116
